image;species;individual_id
0a572d02a1ed8e.png;minke_whale;0940fc2c3809
0a0ae8699f1a5a.png;beluga;af02c0601c6e
0a0cedc8ac6499.png;melon_headed_whale;fa870e1ae82d
0a0d83708b4fdc.png;bottlenose_dolphin;c2705f9e75c8
0a0e4b82b9f3ee.png;humpback_whale;02f5c5ee9c2a
0a0e90fb154acf.png;false_killer_whale;f7bb4f9a9d1a
0a0f53c069bffc.png;spinner_dolphin;1b9d07e72110
0a01b620a7915b.png;blue_whale;7c9f2b782eed
0a1bcf1da2b695.png;beluga;d53bc5d9dbfe
0a1c741127059b.png;bottlenose_dolphin;a43daee90cbc
0a1f95f43d1c97.png;humpback_whale;82af241cd012
0a2d7ead9bec6c.png;beluga;322a18725969
0a2e04ee6b36bf.png;beluga;8dc43144e9cb
0a2fa94283cfbf.png;pantropic_spotted_dolphin;fb11f4414d62
0a3bed46ce0b8e.png;bottlenose_dolpin;19bee72e5ac6
0a3caf850ae7b5.png;long_finned_pilot_whale;d193c62511a5
0a3cc26e78bee4.png;blue_whale;32423d2e2456
0a3ccc6521bd17.png;humpback_whale;d39b6bbb96a2
0a3e6fa90daced.png;beluga;3a055fad1478
0a003ed3161d9b.png;spinner_dolphin;dd8eb952d421
0a3f7ed710605e.png;beluga;9900f41daf3e
0a4d2ab2b4cc72.png;kiler_whale;09c91d6ce260
0a4da385351110.png;humpback_whale;f18611956247
0a4de2e78b94be.png;killer_whale;60ef0f53e535
0a4ef0609c5bb9.png;cuviers_beaked_whale;1184686361b3
0a4eff47dc9360.png;beluga;ecfeed7990a2
0a4f4becf46a2e.png;false_killer_whale;5673ef5d216b
0a4fe7372816ac.png;southern_right_whale;54c26574e46b
0a5b0733d80f97.png;beluga;650f189103b8
0a5bb568fa3458.png;spinner_dolphin;be3742892267
0a5e3c35804749.png;beluga;31f748b822f4
00a5f0c7e639ce.png;blue_whale;f23863acde5a
0a5f343d8435ce.png;bottlenose_dolphin;b397ef463ba6
0a5fb76ec4145d.png;beluga;babd014300b7
0a6a52264469b6.png;beluga;401e87048898
0a6bfeed7be2f4.png;humpback_whale;cd9f6b2c2293
0a6da6533bd494.png;beluga;c4c5929a272f
0a6ed42146796a.png;spinner_dolphin;54ad6bb0ea0e
0a7a8f558c14a1.png;bottlenose_dolphin;ffbb4e585ff2
0a7a91c84bd755.png;beluga;a0d1a0e2e606
0a7bfa03744dcc.png;common_dolphin;4e7da1def098
0a7d47384337dd.png;blue_whale;2fdb081f97b0
0a7dd6215c0916.png;spinner_dolphin;54531ab268ba
0a07fcc5ab1b4d.png;false_killer_whale;51a5929d3acb
0a8a6499060a5c.png;beluga;191e293af2b5
0a8b7fa9a9f261.png;beluga;d9517eb16bd3
0a8deb59150045.png;beluga;a7a2e40ea117
0a8ef152df5c69.png;gray_whale;69d7ba3ee8f3
000a8f2d5c316a.png;bottlenose_dolphin;b9907151f66e
0a8f106c67cbec.png;minke_whale;114207cab555
0a8ffc7d3e8f09.png;long_finned_pilot_whale;09abf77ea277
0a9c11c6d8d9e6.png;humpback_whale;f70cb8952cad
0a9daef82ebe79.png;dusky_dolphin;62ac9c194888
0a9f092e4e3e92.png;humpback_whale;51ccb281b87c
0a10b69be8c4e5.png;bottlenose_dolphin;0394f802c122
0a010ead6a3ba6.png;bottlenose_dolphin;b54c1f8df53f
0a14b0bc5bb868.png;bottlenose_dolphin;15d96d5d42c2
0a23cedc1e719e.png;false_killer_whale;baeddda37ca3
0a32fb56190d7c.png;kiler_whale;2b0ec738b987
0a34dad6a56f4f.png;minke_whale;4a67e64bd3b7
0a35ea544b2f96.png;short_finned_pilot_whale;e32c89eb1c72
0a39e7972b191c.png;bottlenose_dolpin;b5eb3ea34478
0a40d431384836.png;bottlenose_dolphin;a45625e2e634
0a40dccc6d5a6a.png;beluga;7bedeacdc4d2
0a46cba4ac5c5f.png;bottlenose_dolphin;600ab1de92d9
0a49b494a28420.png;spotted_dolphin;f0a59ac633d5
0a51a2cbb32d37.png;bottlenose_dolphin;ebfd0b680085
0a52cb81d2eb97.png;humpback_whale;71a37a272638
0a53d2f897157c.png;humpback_whale;e7507087b6ed
0a66f7598686c3.png;fin_whale;571c4d56e05c
0a69c0b2aae5cc.png;pilot_whale;fefd0899a5dc
0a77c8e08350ee.png;blue_whale;6025575fb0cf
0a83ebfa98e751.png;fin_whale;26c9084d9e34
0a92c559affc11.png;humpback_whale;3e025417eb83
0a93b0a0d4f3a7.png;humpback_whale;ec91362af419
0a94cc92675477.png;humpback_whale;c93996835aa8
0a94dc4e2b8b59.png;bottlenose_dolphin;9a6b86f7bb3e
0a95aad20016db.png;humpback_whale;0b3c459e4914
0a97d1e6751b0d.png;blue_whale;41260d8913bb
0a97d99c1787d1.png;beluga;f712f15bdbf8
0a98ef248fa0ac.png;minke_whale;4a67e64bd3b7
0a99ad33a87739.png;blue_whale;ea1dbc9f1f36
0a99cbb091b9b8.png;humpback_whale;d1f90ae774ca
0a100ed55f1c7e.png;bottlenose_dolphin;43b2903d5bfd
0a124e3e5b7e9d.png;melon_headed_whale;5dc0f9ee68ac
0a156e7be7dd9e.png;kiler_whale;5237b2a5ea5e
0a164ed77a3ed3.png;beluga;c197870d7e27
0a207b19e08a61.png;humpback_whale;14d9b3310270
0a312f2d4a679d.png;spinner_dolphin;a552beaaa52d
0a380a45691ce5.png;beluga;0a95d57ef19d
0a448bdbf92b47.png;pygmy_killer_whale;0718f3601163
0a0512fe106a3e.png;bottlenose_dolphin;0b2973489685
0a550a7d4633b4.png;humpback_whale;ce762a5e7e44
0a614b61259a6f.png;melon_headed_whale;bdac0647d4a5
0a625a87b556d4.png;bottlenose_dolphin;a6e325d8e924
0a625d9a7316ee.png;common_dolphin;aa169045adea
0a0666e9756f06.png;dusky_dolphin;39584112d0b9
0a677b4e9a6fd7.png;bottlenose_dolphin;02947a94c3fc
0a0802b2d2d759.png;short_finned_pilot_whale;30e00a983d94
0a805ece4fe6af.png;bottlenose_dolphin;02da0e68dccd